-- MySQL dump 10.13  Distrib 8.0.39, for Win64 (x86_64)
--
-- Host: localhost    Database: lms_online_learning
-- ------------------------------------------------------
-- Server version	8.0.39

/*!40101 SET @OLD_CHARACTER_SET_CLIENT=@@CHARACTER_SET_CLIENT */;
/*!40101 SET @OLD_CHARACTER_SET_RESULTS=@@CHARACTER_SET_RESULTS */;
/*!40101 SET @OLD_COLLATION_CONNECTION=@@COLLATION_CONNECTION */;
/*!50503 SET NAMES utf8mb4 */;
/*!40103 SET @OLD_TIME_ZONE=@@TIME_ZONE */;
/*!40103 SET TIME_ZONE='+00:00' */;
/*!40014 SET @OLD_UNIQUE_CHECKS=@@UNIQUE_CHECKS, UNIQUE_CHECKS=0 */;
/*!40014 SET @OLD_FOREIGN_KEY_CHECKS=@@FOREIGN_KEY_CHECKS, FOREIGN_KEY_CHECKS=0 */;
/*!40101 SET @OLD_SQL_MODE=@@SQL_MODE, SQL_MODE='NO_AUTO_VALUE_ON_ZERO' */;
/*!40111 SET @OLD_SQL_NOTES=@@SQL_NOTES, SQL_NOTES=0 */;

--
-- Table structure for table `ai_logs`
--

DROP TABLE IF EXISTS `ai_logs`;
/*!40101 SET @saved_cs_client     = @@character_set_client */;
/*!50503 SET character_set_client = utf8mb4 */;
CREATE TABLE `ai_logs` (
  `id` int NOT NULL AUTO_INCREMENT,
  `user_id` int NOT NULL,
  `input_context` json DEFAULT NULL,
  `recommended_output` json DEFAULT NULL,
  `created_at` timestamp NULL DEFAULT CURRENT_TIMESTAMP,
  PRIMARY KEY (`id`),
  KEY `fk_ai_user` (`user_id`),
  CONSTRAINT `fk_ai_user` FOREIGN KEY (`user_id`) REFERENCES `users` (`id`) ON DELETE CASCADE
) ENGINE=InnoDB DEFAULT CHARSET=utf8mb4 COLLATE=utf8mb4_0900_ai_ci;
/*!40101 SET character_set_client = @saved_cs_client */;

--
-- Dumping data for table `ai_logs`
--

LOCK TABLES `ai_logs` WRITE;
/*!40000 ALTER TABLE `ai_logs` DISABLE KEYS */;
/*!40000 ALTER TABLE `ai_logs` ENABLE KEYS */;
UNLOCK TABLES;

--
-- Table structure for table `categories`
--

DROP TABLE IF EXISTS `categories`;
/*!40101 SET @saved_cs_client     = @@character_set_client */;
/*!50503 SET character_set_client = utf8mb4 */;
CREATE TABLE `categories` (
  `id` int NOT NULL AUTO_INCREMENT,
  `name` varchar(100) NOT NULL,
  `description` text,
  PRIMARY KEY (`id`)
) ENGINE=InnoDB AUTO_INCREMENT=11 DEFAULT CHARSET=utf8mb4 COLLATE=utf8mb4_0900_ai_ci;
/*!40101 SET character_set_client = @saved_cs_client */;

--
-- Dumping data for table `categories`
--

LOCK TABLES `categories` WRITE;
/*!40000 ALTER TABLE `categories` DISABLE KEYS */;
INSERT INTO `categories` VALUES (1,'Programming','Programming courses'),(2,'Web Development','Frontend and backend'),(3,'Mobile Development','Android and iOS'),(4,'Data Science','Data analysis and ML'),(5,'Artificial Intelligence','AI and Deep Learning'),(6,'Design','UI UX design'),(7,'Business','Business and startup'),(8,'Marketing','Digital marketing'),(9,'Photography','Photo and video editing'),(10,'Language','Language learning');
/*!40000 ALTER TABLE `categories` ENABLE KEYS */;
UNLOCK TABLES;

--
-- Table structure for table `course_skills`
--

DROP TABLE IF EXISTS `course_skills`;
/*!40101 SET @saved_cs_client     = @@character_set_client */;
/*!50503 SET character_set_client = utf8mb4 */;
CREATE TABLE `course_skills` (
  `id` int NOT NULL AUTO_INCREMENT,
  `course_id` int NOT NULL,
  `skill_id` int NOT NULL,
  PRIMARY KEY (`id`),
  UNIQUE KEY `course_skill` (`course_id`,`skill_id`),
  KEY `fk_cs_skill` (`skill_id`),
  CONSTRAINT `fk_cs_course` FOREIGN KEY (`course_id`) REFERENCES `courses` (`id`) ON DELETE CASCADE,
  CONSTRAINT `fk_cs_skill` FOREIGN KEY (`skill_id`) REFERENCES `skills` (`id`) ON DELETE CASCADE
) ENGINE=InnoDB AUTO_INCREMENT=7 DEFAULT CHARSET=utf8mb4 COLLATE=utf8mb4_0900_ai_ci;
/*!40101 SET character_set_client = @saved_cs_client */;

--
-- Dumping data for table `course_skills`
--

LOCK TABLES `course_skills` WRITE;
/*!40000 ALTER TABLE `course_skills` DISABLE KEYS */;
INSERT INTO `course_skills` VALUES (1,1,1),(2,1,3),(3,2,1),(4,2,3),(5,3,2),(6,3,4);
/*!40000 ALTER TABLE `course_skills` ENABLE KEYS */;
UNLOCK TABLES;

--
-- Table structure for table `courses`
--

DROP TABLE IF EXISTS `courses`;
/*!40101 SET @saved_cs_client     = @@character_set_client */;
/*!50503 SET character_set_client = utf8mb4 */;
CREATE TABLE `courses` (
  `id` int NOT NULL AUTO_INCREMENT,
  `title` varchar(255) NOT NULL,
  `description` text,
  `teacher_id` int NOT NULL,
  `category_id` int DEFAULT NULL,
  `price` decimal(10,2) DEFAULT '0.00',
  `thumbnail` varchar(255) DEFAULT NULL,
  `created_at` timestamp NULL DEFAULT CURRENT_TIMESTAMP,
  `image` varchar(255) DEFAULT NULL,
  `detail_description` text,
  `updated_at` timestamp NULL DEFAULT CURRENT_TIMESTAMP ON UPDATE CURRENT_TIMESTAMP,
  PRIMARY KEY (`id`),
  KEY `teacher_id` (`teacher_id`),
  KEY `category_id` (`category_id`),
  CONSTRAINT `courses_ibfk_1` FOREIGN KEY (`teacher_id`) REFERENCES `users` (`id`) ON DELETE CASCADE,
  CONSTRAINT `courses_ibfk_2` FOREIGN KEY (`category_id`) REFERENCES `categories` (`id`) ON DELETE SET NULL
) ENGINE=InnoDB AUTO_INCREMENT=24 DEFAULT CHARSET=utf8mb4 COLLATE=utf8mb4_0900_ai_ci;
/*!40101 SET character_set_client = @saved_cs_client */;

--
-- Dumping data for table `courses`
--

LOCK TABLES `courses` WRITE;
/*!40000 ALTER TABLE `courses` DISABLE KEYS */;
INSERT INTO `courses` VALUES (1,'React for Beginners','Learn React from scratch',2,2,1500000.00,NULL,'2026-03-16 03:26:28','/uploads/courses/react-beginner.jpg','This course teaches the fundamentals of React including components, props, state, hooks, and building real-world applications. Perfect for beginners starting frontend development.','2026-03-17 03:23:06'),(2,'Advanced React','React hooks and performance',2,2,2500000.00,NULL,'2026-03-16 03:26:28','/uploads/courses/advanced-react.jpg','Deep dive into advanced React concepts such as custom hooks, performance optimization, context API, advanced patterns and scalable project architecture.','2026-03-17 03:23:06'),(3,'Node.js API Development','Build REST APIs',2,1,3750000.00,NULL,'2026-03-16 03:26:28','/uploads/courses/node-api.jpg','Learn how to build powerful RESTful APIs using Node.js, Express and MySQL. Includes authentication, middleware, error handling and deployment.','2026-03-17 03:23:06'),(4,'JavaScript Masterclass','Modern JavaScript',3,1,2500000.00,NULL,'2026-03-16 03:26:28','/uploads/courses/javascript-master.jpg','Master modern JavaScript including ES6+, async programming, promises, closures, modules and building interactive web applications.','2026-03-17 03:23:06'),(5,'UI UX Design Basics','Design fundamentals',3,6,3000000.00,NULL,'2026-03-16 03:26:28','/uploads/courses/uiux-design.jpg','Learn UI/UX design principles including layout, typography, color theory, wireframing, prototyping and user experience optimization.','2026-03-17 03:23:06'),(6,'Machine Learning Intro','ML basics',3,4,6250000.00,NULL,'2026-03-16 03:26:28','/uploads/courses/machine-learning.jpg','Introduction to Machine Learning concepts such as supervised learning, regression, classification, model evaluation and real-world AI examples.','2026-03-17 03:23:06'),(7,'Python for Beginners','Learn Python programming',2,1,2500000.00,NULL,'2026-03-16 03:26:28','/uploads/courses/python-beginner.jpg','Start coding with Python. Learn variables, loops, functions, file handling and build simple automation scripts and applications.','2026-03-17 03:23:06'),(8,'Digital Marketing 101','Marketing strategies',3,8,4500000.00,NULL,'2026-03-16 03:26:28','/uploads/courses/digital-marketing.jpg','Understand digital marketing fundamentals including SEO, social media marketing, content strategy, Google Ads and analytics.','2026-03-17 03:23:06'),(9,'Photography Basics','Camera and editing',2,9,2000000.00,NULL,'2026-03-16 03:26:28','/uploads/courses/photography.jpg','Learn photography techniques including camera settings, composition, lighting and editing using professional tools.','2026-03-17 03:23:06'),(10,'English Speaking','Improve English speaking',3,10,1250000.00,NULL,'2026-03-16 03:26:28','/uploads/courses/english-speaking.jpg','Improve your English speaking skills with pronunciation practice, daily conversation, listening training and real-life communication.','2026-03-17 03:23:06');
/*!40000 ALTER TABLE `courses` ENABLE KEYS */;
UNLOCK TABLES;

--
-- Table structure for table `enrollments`
--

DROP TABLE IF EXISTS `enrollments`;
/*!40101 SET @saved_cs_client     = @@character_set_client */;
/*!50503 SET character_set_client = utf8mb4 */;
CREATE TABLE `enrollments` (
  `id` int NOT NULL AUTO_INCREMENT,
  `user_id` int NOT NULL,
  `course_id` int NOT NULL,
  `enrolled_at` timestamp NULL DEFAULT CURRENT_TIMESTAMP,
  `progress` decimal(5,2) DEFAULT '0.00',
  `status` enum('active','completed','cancelled') DEFAULT 'active',
  PRIMARY KEY (`id`),
  UNIQUE KEY `user_id` (`user_id`,`course_id`),
  KEY `course_id` (`course_id`),
  CONSTRAINT `enrollments_ibfk_1` FOREIGN KEY (`user_id`) REFERENCES `users` (`id`) ON DELETE CASCADE,
  CONSTRAINT `enrollments_ibfk_2` FOREIGN KEY (`course_id`) REFERENCES `courses` (`id`) ON DELETE CASCADE
) ENGINE=InnoDB AUTO_INCREMENT=66 DEFAULT CHARSET=utf8mb4 COLLATE=utf8mb4_0900_ai_ci;
/*!40101 SET character_set_client = @saved_cs_client */;

--
-- Dumping data for table `enrollments`
--

LOCK TABLES `enrollments` WRITE;
/*!40000 ALTER TABLE `enrollments` DISABLE KEYS */;
INSERT INTO `enrollments` VALUES (31,11,10,'2026-04-17 05:48:54',0.00,'active'),(32,11,7,'2026-03-19 03:01:51',0.00,'cancelled'),(45,11,1,'2026-04-02 09:05:59',0.00,'active'),(56,11,4,'2026-04-02 02:23:03',0.00,'cancelled'),(57,4,1,'2026-03-24 01:43:52',0.00,'active'),(58,4,2,'2026-03-19 10:38:03',0.00,'cancelled'),(59,4,3,'2026-03-19 10:38:03',0.00,'cancelled'),(60,4,4,'2026-03-24 02:18:10',0.00,'active'),(61,11,5,'2026-03-20 11:11:12',0.00,'cancelled'),(62,11,2,'2026-04-17 05:41:43',0.00,'cancelled'),(63,11,8,'2026-04-02 04:18:57',0.00,'active'),(64,11,9,'2026-04-06 10:58:13',0.00,'active'),(65,12,10,'2026-04-17 16:40:32',0.00,'active');
/*!40000 ALTER TABLE `enrollments` ENABLE KEYS */;
UNLOCK TABLES;

--
-- Table structure for table `learning_path_details`
--

DROP TABLE IF EXISTS `learning_path_details`;
/*!40101 SET @saved_cs_client     = @@character_set_client */;
/*!50503 SET character_set_client = utf8mb4 */;
CREATE TABLE `learning_path_details` (
  `id` int NOT NULL AUTO_INCREMENT,
  `path_id` int NOT NULL,
  `course_id` int NOT NULL,
  `recommended_order` int NOT NULL,
  `recommended_reason` text,
  PRIMARY KEY (`id`),
  KEY `fk_detail_path` (`path_id`),
  KEY `fk_detail_course` (`course_id`),
  CONSTRAINT `fk_detail_course` FOREIGN KEY (`course_id`) REFERENCES `courses` (`id`) ON DELETE CASCADE,
  CONSTRAINT `fk_detail_path` FOREIGN KEY (`path_id`) REFERENCES `learning_paths` (`id`) ON DELETE CASCADE
) ENGINE=InnoDB DEFAULT CHARSET=utf8mb4 COLLATE=utf8mb4_0900_ai_ci;
/*!40101 SET character_set_client = @saved_cs_client */;

--
-- Dumping data for table `learning_path_details`
--

LOCK TABLES `learning_path_details` WRITE;
/*!40000 ALTER TABLE `learning_path_details` DISABLE KEYS */;
/*!40000 ALTER TABLE `learning_path_details` ENABLE KEYS */;
UNLOCK TABLES;

--
-- Table structure for table `learning_paths`
--

DROP TABLE IF EXISTS `learning_paths`;
/*!40101 SET @saved_cs_client     = @@character_set_client */;
/*!50503 SET character_set_client = utf8mb4 */;
CREATE TABLE `learning_paths` (
  `id` int NOT NULL AUTO_INCREMENT,
  `user_id` int NOT NULL,
  `generated_by` enum('AI','teacher') DEFAULT 'AI',
  `status` enum('active','completed') DEFAULT 'active',
  `created_at` timestamp NULL DEFAULT CURRENT_TIMESTAMP,
  PRIMARY KEY (`id`),
  KEY `fk_path_user` (`user_id`),
  CONSTRAINT `fk_path_user` FOREIGN KEY (`user_id`) REFERENCES `users` (`id`) ON DELETE CASCADE
) ENGINE=InnoDB DEFAULT CHARSET=utf8mb4 COLLATE=utf8mb4_0900_ai_ci;
/*!40101 SET character_set_client = @saved_cs_client */;

--
-- Dumping data for table `learning_paths`
--

LOCK TABLES `learning_paths` WRITE;
/*!40000 ALTER TABLE `learning_paths` DISABLE KEYS */;
/*!40000 ALTER TABLE `learning_paths` ENABLE KEYS */;
UNLOCK TABLES;

--
-- Table structure for table `lessons`
--

DROP TABLE IF EXISTS `lessons`;
/*!40101 SET @saved_cs_client     = @@character_set_client */;
/*!50503 SET character_set_client = utf8mb4 */;
CREATE TABLE `lessons` (
  `id` int NOT NULL AUTO_INCREMENT,
  `course_id` int NOT NULL,
  `title` varchar(255) NOT NULL,
  `video_url` varchar(255) DEFAULT NULL,
  `content` text,
  `lesson_order` int DEFAULT NULL,
  `duration` int DEFAULT NULL,
  PRIMARY KEY (`id`),
  KEY `course_id` (`course_id`),
  CONSTRAINT `lessons_ibfk_1` FOREIGN KEY (`course_id`) REFERENCES `courses` (`id`) ON DELETE CASCADE
) ENGINE=InnoDB AUTO_INCREMENT=51 DEFAULT CHARSET=utf8mb4 COLLATE=utf8mb4_0900_ai_ci;
/*!40101 SET character_set_client = @saved_cs_client */;

--
-- Dumping data for table `lessons`
--

LOCK TABLES `lessons` WRITE;
/*!40000 ALTER TABLE `lessons` DISABLE KEYS */;
INSERT INTO `lessons` VALUES (1,1,'B√Ýi 1: Gi·ªõi thi·ªáu ReactJS','https://www.youtube.com/embed/x0fSBAgBrOQ','<p>T√¨m hi·ªÉu t·ªïng quan v·ªÅ React v√Ý l√Ω do s·ª≠ d·ª•ng.</p>',1,300),(2,1,'B√Ýi 2: C√Ýi ƒë·∫∑t m√¥i tr∆∞·ªùng (Node.js & Vite)','https://www.youtube.com/embed/Y2hgEGPzTZY','<p>H∆∞·ªõng d·∫´n c√Ýi ƒë·∫∑t m√¥i tr∆∞·ªùng v√Ý kh·ªüi t·∫°o d·ª± √°n.</p>',2,450),(3,1,'B√Ýi 3: C√∫ ph√°p JSX c∆° b·∫£n','https://www.youtube.com/embed/w7ejDZ8SWv8','<p>C√°ch vi·∫øt HTML b√™n trong JavaScript.</p>',3,500),(4,1,'B√Ýi 4: Component & Props','https://www.youtube.com/embed/x0fSBAgBrOQ','<p>Chia nh·ªè giao di·ªán v√Ý truy·ªÅn d·ªØ li·ªáu.</p>',4,600),(5,1,'B√Ýi 5: State & Lifecycle','https://www.youtube.com/embed/Y2hgEGPzTZY','<p>Qu·∫£n l√Ω tr·∫°ng th√°i v√Ý v√≤ng ƒë·ªùi c·ªßa Component.</p>',5,700),(6,2,'B√Ýi 1: React Hooks chuy√™n s√¢u','https://www.youtube.com/embed/O6P86uwfdR0','<p>T√¨m hi·ªÉu chi ti·∫øt useEffect, useMemo, useCallback.</p>',1,400),(7,2,'B√Ýi 2: T·ª± x√¢y d·ª±ng Custom Hooks','https://www.youtube.com/embed/O6P86uwfdR0','<p>T√°i s·ª≠ d·ª•ng logic v·ªõi Custom Hooks.</p>',2,450),(8,2,'B√Ýi 3: Qu·∫£n l√Ω State v·ªõi Context API','https://www.youtube.com/embed/O6P86uwfdR0','<p>Gi·∫£i quy·∫øt v·∫•n ƒë·ªÅ Props Drilling.</p>',3,500),(9,2,'B√Ýi 4: T√≠ch h·ª£p Redux Toolkit','https://www.youtube.com/embed/O6P86uwfdR0','<p>Qu·∫£n l√Ω Global State hi·ªáu qu·∫£.</p>',4,600),(10,2,'B√Ýi 5: T·ªëi ∆∞u hi·ªáu su·∫•t (Code Splitting)','https://www.youtube.com/embed/O6P86uwfdR0','<p>TƒÉng t·ªëc ƒë·ªô t·∫£i trang b·∫±ng Lazy Loading.</p>',5,700),(11,3,'B√Ýi 1: Node.js Architecture','https://www.youtube.com/embed/z2fRVveWsjQ','<p>Ki·∫øn tr√∫c Event-Driven c·ªßa Node.js.</p>',1,300),(12,3,'B√Ýi 2: ExpressJS Basics','https://www.youtube.com/embed/z2fRVveWsjQ','<p>Kh·ªüi t·∫°o Web Server v·ªõi Express.</p>',2,400),(13,3,'B√Ýi 3: K·∫øt n·ªëi MySQL','https://www.youtube.com/embed/z2fRVveWsjQ','<p>Thao t√°c c∆° s·ªü d·ªØ li·ªáu b·∫±ng mysql2.</p>',3,500),(14,3,'B√Ýi 4: Thi·∫øt k·∫ø RESTful API','https://www.youtube.com/embed/z2fRVveWsjQ','<p>X√¢y d·ª±ng c√°c endpoint CRUD chu·∫©n REST.</p>',4,600),(15,3,'B√Ýi 5: JWT Authentication','https://www.youtube.com/embed/z2fRVveWsjQ','<p>B·∫£o m·∫≠t API v·ªõi JSON Web Token.</p>',5,700),(16,4,'B√Ýi 1: T√≠nh nƒÉng c·ªßa ES6+','https://www.youtube.com/embed/0SJE9dYdpps','<p>Arrow functions, Destructuring, Spread Operator.</p>',1,300),(17,4,'B√Ýi 2: Thao t√°c DOM (DOM Manipulation)','https://www.youtube.com/embed/0SJE9dYdpps','<p>T∆∞∆°ng t√°c v·ªõi c√°c ph·∫ßn t·ª≠ HTML tr√™n trang.</p>',2,400),(18,4,'B√Ýi 3: L·∫≠p tr√¨nh b·∫•t ƒë·ªìng b·ªô','https://www.youtube.com/embed/0SJE9dYdpps','<p>Promises v√Ý Async/Await.</p>',3,500),(19,4,'B√Ýi 4: OOP trong JavaScript','https://www.youtube.com/embed/0SJE9dYdpps','<p>L·ªõp (Class), K·∫ø th·ª´a v√Ý Prototypes.</p>',4,600),(20,4,'B√Ýi 5: JS Modules','https://www.youtube.com/embed/0SJE9dYdpps','<p>S·ª≠ d·ª•ng Import v√Ý Export.</p>',5,700),(21,5,'B√Ýi 1: Nguy√™n l√Ω th·ªã gi√°c','https://www.youtube.com/embed/c9Wg6Cb_YlU','<p>C√°c nguy√™n t·∫Øc thi·∫øt k·∫ø UI c∆° b·∫£n.</p>',1,300),(22,5,'B√Ýi 2: Typography & Color Theory','https://www.youtube.com/embed/c9Wg6Cb_YlU','<p>L·ª±a ch·ªçn font ch·ªØ v√Ý ph·ªëi m√Ýu.</p>',2,400),(23,5,'B√Ýi 3: L√Ým quen v·ªõi Figma','https://www.youtube.com/embed/c9Wg6Cb_YlU','<p>S·ª≠ d·ª•ng c√°c c√¥ng c·ª• thi·∫øt k·∫ø c∆° b·∫£n.</p>',3,500),(24,5,'B√Ýi 4: Thi·∫øt k·∫ø Wireframe','https://www.youtube.com/embed/c9Wg6Cb_YlU','<p>L√™n khung b·ªë c·ª•c cho website.</p>',4,600),(25,5,'B√Ýi 5: T·∫°o Prototype','https://www.youtube.com/embed/c9Wg6Cb_YlU','<p>M√¥ ph·ªèng t∆∞∆°ng t√°c ng∆∞·ªùi d√πng.</p>',5,700),(26,6,'B√Ýi 1: T·ªïng quan v·ªÅ AI & ML','https://www.youtube.com/embed/Gv9_4yMHFhI','<p>Ph√¢n bi·ªát AI, ML v√Ý Deep Learning.</p>',1,300),(27,6,'B√Ýi 2: Supervised Learning','https://www.youtube.com/embed/Gv9_4yMHFhI','<p>H·ªçc m√°y c√≥ gi√°m s√°t l√Ý g√¨?</p>',2,400),(28,6,'B√Ýi 3: Unsupervised Learning','https://www.youtube.com/embed/Gv9_4yMHFhI','<p>Ph√¢n c·ª•m d·ªØ li·ªáu v·ªõi h·ªçc kh√¥ng gi√°m s√°t.</p>',3,500),(29,6,'B√Ýi 4: M·∫°ng N∆°-ron nh√¢n t·∫°o (ANN)','https://www.youtube.com/embed/Gv9_4yMHFhI','<p>C·∫•u tr√∫c c∆° b·∫£n c·ªßa Neural Networks.</p>',4,600),(30,6,'B√Ýi 5: ƒê√°nh gi√° m√¥ h√¨nh (Model Evaluation)','https://www.youtube.com/embed/Gv9_4yMHFhI','<p>C√°ch ki·ªÉm tra ƒë·ªô ch√≠nh x√°c c·ªßa model.</p>',5,700),(31,7,'B√Ýi 1: C√Ýi ƒë·∫∑t v√Ý Hello World','https://www.youtube.com/embed/zMvr1yZ08D8','<p>C√Ýi ƒë·∫∑t Python v√Ý ch·∫°y m√£ ƒë·∫ßu ti√™n.</p>',1,300),(32,7,'B√Ýi 2: Bi·∫øn v√Ý Ki·ªÉu d·ªØ li·ªáu','https://www.youtube.com/embed/zMvr1yZ08D8','<p>Numbers, Strings, Lists, Dictionaries.</p>',2,400),(33,7,'B√Ýi 3: C√¢u l·ªánh r·∫Ω nh√°nh v√Ý V√≤ng l·∫∑p','https://www.youtube.com/embed/zMvr1yZ08D8','<p>S·ª≠ d·ª•ng if/else, for, while.</p>',3,500),(34,7,'B√Ýi 4: Vi·∫øt H√Ým (Functions)','https://www.youtube.com/embed/zMvr1yZ08D8','<p>ƒê·ªãnh nghƒ©a v√Ý g·ªçi h√Ým trong Python.</p>',4,600),(35,7,'B√Ýi 5: Thao t√°c v·ªõi File','https://www.youtube.com/embed/zMvr1yZ08D8','<p>ƒê·ªçc v√Ý ghi file .txt, .csv.</p>',5,700),(36,8,'B√Ýi 1: T∆∞ duy Marketing hi·ªán ƒë·∫°i','https://www.youtube.com/embed/bixR-KIJKYM','<p>Inbound Marketing vs Outbound Marketing.</p>',1,300),(37,8,'B√Ýi 2: SEO cƒÉn b·∫£n','https://www.youtube.com/embed/bixR-KIJKYM','<p>T·ªëi ∆∞u h√≥a website cho Google.</p>',2,400),(38,8,'B√Ýi 3: T·ªïng quan Facebook Ads','https://www.youtube.com/embed/bixR-KIJKYM','<p>Thi·∫øt l·∫≠p chi·∫øn d·ªãch qu·∫£ng c√°o m·∫°ng x√£ h·ªôi.</p>',3,500),(39,8,'B√Ýi 4: Google Search Ads','https://www.youtube.com/embed/bixR-KIJKYM','<p>Qu·∫£ng c√°o t·ª´ kh√≥a tr√™n Google.</p>',4,600),(40,8,'B√Ýi 5: ƒê·ªçc ch·ªâ s·ªë Analytics','https://www.youtube.com/embed/bixR-KIJKYM','<p>Theo d√µi v√Ý ƒë√°nh gi√° hi·ªáu qu·∫£ chi·∫øn d·ªãch.</p>',5,700),(41,9,'B√Ýi 1: C·∫•u t·∫°o m√°y ·∫£nh s·ªë','https://www.youtube.com/embed/V7z7BAZdt2M','<p>DSLR vs Mirrorless.</p>',1,300),(42,9,'B√Ýi 2: Tam gi√°c ph∆°i s√°ng','https://www.youtube.com/embed/V7z7BAZdt2M','<p>ISO, Kh·∫©u ƒë·ªô, T·ªëc ƒë·ªô m√Ýn tr·∫≠p.</p>',2,400),(43,9,'B√Ýi 3: Quy t·∫Øc b·ªë c·ª•c','https://www.youtube.com/embed/V7z7BAZdt2M','<p>Quy t·∫Øc 1/3, ƒë∆∞·ªùng d·∫´n h∆∞·ªõng.</p>',3,500),(44,9,'B√Ýi 4: √Ånh s√°ng trong nhi·∫øp ·∫£nh','https://www.youtube.com/embed/V7z7BAZdt2M','<p>√Ånh s√°ng t·ª± nhi√™n v√Ý √°nh s√°ng nh√¢n t·∫°o.</p>',4,600),(45,9,'B√Ýi 5: H·∫≠u k·ª≥ v·ªõi Lightroom','https://www.youtube.com/embed/V7z7BAZdt2M','<p>Ch·ªânh m√Ýu s·∫Øc v√Ý √°nh s√°ng h·∫≠u k·ª≥.</p>',5,700),(46,10,'B√Ýi 1: B·∫£ng phi√™n √¢m IPA','https://www.youtube.com/embed/juKd26qkNAw','<p>N·ªÅn t·∫£ng ph√°t √¢m chu·∫©n.</p>',1,300),(47,10,'B√Ýi 2: Ti·∫øng Anh giao ti·∫øp c√¥ng s·ªü','https://www.youtube.com/embed/juKd26qkNAw','<p>C√°c m·∫´u c√¢u th∆∞·ªùng d√πng trong vƒÉn ph√≤ng.</p>',2,400),(48,10,'B√Ýi 3: K·ªπ nƒÉng thuy·∫øt tr√¨nh','https://www.youtube.com/embed/juKd26qkNAw','<p>C·∫•u tr√∫c m·ªôt b√Ýi Presentation.</p>',3,500),(49,10,'B√Ýi 4: Luy·ªán nghe ch·ªß ƒë·ªông','https://www.youtube.com/embed/juKd26qkNAw','<p>Ph∆∞∆°ng ph√°p nghe ch√©p ch√≠nh t·∫£.</p>',4,600),(50,10,'B√Ýi 5: Tr·∫£ l·ªùi ph·ªèng v·∫•n ti·∫øng Anh','https://www.youtube.com/embed/juKd26qkNAw','<p>C√°ch tr·∫£ l·ªùi c√°c c√¢u h·ªèi tuy·ªÉn d·ª•ng ph·ªï bi·∫øn.</p>',5,700);
/*!40000 ALTER TABLE `lessons` ENABLE KEYS */;
UNLOCK TABLES;

--
-- Table structure for table `progress`
--

DROP TABLE IF EXISTS `progress`;
/*!40101 SET @saved_cs_client     = @@character_set_client */;
/*!50503 SET character_set_client = utf8mb4 */;
CREATE TABLE `progress` (
  `id` int NOT NULL AUTO_INCREMENT,
  `user_id` int NOT NULL,
  `lesson_id` int NOT NULL,
  `completed` tinyint(1) DEFAULT '0',
  `completion_percentage` decimal(5,2) DEFAULT '0.00',
  `time_spent_seconds` int DEFAULT '0',
  `completed_at` timestamp NULL DEFAULT NULL,
  PRIMARY KEY (`id`),
  UNIQUE KEY `user_id` (`user_id`,`lesson_id`),
  KEY `lesson_id` (`lesson_id`),
  CONSTRAINT `progress_ibfk_1` FOREIGN KEY (`user_id`) REFERENCES `users` (`id`) ON DELETE CASCADE,
  CONSTRAINT `progress_ibfk_2` FOREIGN KEY (`lesson_id`) REFERENCES `lessons` (`id`) ON DELETE CASCADE
) ENGINE=InnoDB AUTO_INCREMENT=51 DEFAULT CHARSET=utf8mb4 COLLATE=utf8mb4_0900_ai_ci;
/*!40101 SET character_set_client = @saved_cs_client */;

--
-- Dumping data for table `progress`
--

LOCK TABLES `progress` WRITE;
/*!40000 ALTER TABLE `progress` DISABLE KEYS */;
INSERT INTO `progress` VALUES (23,4,1,1,100.00,245,'2026-03-19 02:54:08'),(24,4,2,1,100.00,441,'2026-03-19 02:54:08'),(25,4,3,1,100.00,369,'2026-03-19 02:54:08'),(26,4,4,1,100.00,423,'2026-03-19 02:54:08'),(27,4,5,1,100.00,907,'2026-03-19 02:54:08'),(28,4,16,0,6.00,1025,NULL),(29,4,17,0,41.00,411,NULL),(30,4,18,0,30.00,680,NULL),(31,4,19,0,99.00,337,NULL),(32,4,20,0,20.00,390,NULL),(36,11,36,1,100.00,0,'2026-04-02 09:03:19'),(38,11,37,1,100.00,0,'2026-04-02 09:03:24'),(39,11,38,1,100.00,0,'2026-04-02 09:03:28'),(40,11,1,1,100.00,0,'2026-04-02 09:06:03'),(41,11,2,1,100.00,0,'2026-04-02 09:06:10'),(42,11,3,1,100.00,0,'2026-04-06 10:56:30'),(43,11,4,1,100.00,0,'2026-04-06 10:56:33'),(44,11,5,1,100.00,0,'2026-04-06 10:56:35'),(46,11,41,1,100.00,0,'2026-04-08 14:45:31'),(47,11,42,1,100.00,0,'2026-04-08 14:45:33'),(48,11,43,1,100.00,0,'2026-04-17 16:52:25'),(49,11,44,1,100.00,0,'2026-04-17 16:52:28'),(50,11,45,1,100.00,0,'2026-04-17 16:52:30');
/*!40000 ALTER TABLE `progress` ENABLE KEYS */;
UNLOCK TABLES;

--
-- Table structure for table `question_options`
--

DROP TABLE IF EXISTS `question_options`;
/*!40101 SET @saved_cs_client     = @@character_set_client */;
/*!50503 SET character_set_client = utf8mb4 */;
CREATE TABLE `question_options` (
  `id` int NOT NULL AUTO_INCREMENT,
  `question_id` int NOT NULL,
  `content` text NOT NULL,
  `is_correct` tinyint(1) DEFAULT '0',
  PRIMARY KEY (`id`),
  KEY `fk_option_question` (`question_id`),
  CONSTRAINT `fk_option_question` FOREIGN KEY (`question_id`) REFERENCES `questions` (`id`) ON DELETE CASCADE
) ENGINE=InnoDB AUTO_INCREMENT=201 DEFAULT CHARSET=utf8mb4 COLLATE=utf8mb4_0900_ai_ci;
/*!40101 SET character_set_client = @saved_cs_client */;

--
-- Dumping data for table `question_options`
--

LOCK TABLES `question_options` WRITE;
/*!40000 ALTER TABLE `question_options` DISABLE KEYS */;
INSERT INTO `question_options` VALUES (1,1,'S·ª≠ d·ª•ng Virtual DOM ƒë·ªÉ tƒÉng t·ªëc ƒë·ªô c·∫≠p nh·∫≠t UI',1),(2,1,'L√Ý Framework full-stack c√≥ s·∫µn database',0),(3,1,'B·∫Øt bu·ªôc ph·∫£i d√πng TypeScript',0),(4,1,'S·ª≠ d·ª•ng Two-way data binding m·∫∑c ƒë·ªãnh',0),(5,2,'npm create vite@latest',1),(6,2,'npm run react-app',0),(7,2,'vite new project',0),(8,2,'create-react-app --fast',0),(9,3,'className',1),(10,3,'class',0),(11,3,'cssClass',0),(12,3,'styleClass',0),(13,4,'Ch·ªâ ƒë·ªçc (Read-only), kh√¥ng th·ªÉ thay ƒë·ªïi b·ªüi component con',1),(14,4,'D√πng ƒë·ªÉ l∆∞u state n·ªôi b·ªô c·ªßa Component',0),(15,4,'Thay ƒë·ªïi ƒë∆∞·ª£c tho·∫£i m√°i ·ªü m·ªçi n∆°i',0),(16,4,'Ch·ªâ truy·ªÅn ƒë∆∞·ª£c ki·ªÉu s·ªë (Number)',0),(17,5,'useState',1),(18,5,'useEffect',0),(19,5,'useContext',0),(20,5,'useMemo',0),(21,6,'Sau khi component ƒë√£ render ra giao di·ªán',1),(22,6,'Tr∆∞·ªõc khi render',0),(23,6,'Trong l√∫c ƒëang render',0),(24,6,'Ch·ªâ th·ª±c thi khi component b·ªã unmount',0),(25,7,'B·∫Øt ƒë·∫ßu b·∫±ng ch·ªØ \"use\" (VD: useFetch)',1),(26,7,'Vi·∫øt hoa to√Ýn b·ªô',0),(27,7,'K·∫øt th√∫c b·∫±ng \"Hook\"',0),(28,7,'Kh√¥ng c√≥ quy t·∫Øc n√Ýo',0),(29,8,'Hi·ªán t∆∞·ª£ng Props drilling (truy·ªÅn props qua nhi·ªÅu t·∫ßng)',1),(30,8,'T·ªëi ∆∞u t·ªëc ƒë·ªô t·∫£i h√¨nh ·∫£nh',0),(31,8,'B·∫£o v·ªá m√£ ngu·ªìn ch·ªëng hack',0),(32,8,'T·∫°o hi·ªáu ·ª©ng animation',0),(33,9,'createSlice',1),(34,9,'createReducer',0),(35,9,'createStore',0),(36,9,'useSelector',0),(37,10,'Gi·∫£m k√≠ch th∆∞·ªõc file Javascript ban ƒë·∫ßu, tƒÉng t·ªëc ƒë·ªô t·∫£i trang',1),(38,10,'L√Ým g·ªçn code CSS',0),(39,10,'TƒÉng dung l∆∞·ª£ng database',0),(40,10,'NgƒÉn ch·∫∑n t·∫•n c√¥ng DDoS',0),(41,11,'Event-Driven, Non-blocking I/O',1),(42,11,'Multi-threading (ƒêa lu·ªìng)',0),(43,11,'Synchronous Execution',0),(44,11,'M√¥ h√¨nh MVC',0),(45,12,'express()',1),(46,12,'new Express()',0),(47,12,'createExpress()',0),(48,12,'require(\"app\")',0),(49,13,'mysql2',1),(50,13,'mongoose',0),(51,13,'pg',0),(52,13,'sqlite3',0),(53,14,'POST',1),(54,14,'GET',0),(55,14,'DELETE',0),(56,14,'PATCH',0),(57,15,'3 ph·∫ßn (Header, Payload, Signature)',1),(58,15,'2 ph·∫ßn (Header, Body)',0),(59,15,'1 chu·ªói m√£ h√≥a duy nh·∫•t',0),(60,15,'4 ph·∫ßn r·ªùi r·∫°c',0),(61,16,'const',1),(62,16,'let',0),(63,16,'var',0),(64,16,'final',0),(65,17,'document.querySelector()',1),(66,17,'document.querySelectorAll()',0),(67,17,'document.getElementsByClassName()',0),(68,17,'document.getElementsByTagName()',0),(69,18,'M·ªôt h√Ým ƒë∆∞·ª£c ƒë·ªãnh nghƒ©a b·∫±ng t·ª´ kh√≥a async',1),(70,18,'M·ªôt v√≤ng l·∫∑p for th√¥ng th∆∞·ªùng',0),(71,18,'M·ªôt class cha',0),(72,18,'C√¢u l·ªánh if/else',0),(73,19,'constructor',1),(74,19,'init',0),(75,19,'start',0),(76,19,'main',0),(77,20,'import TenHam from \"./module.js\"',1),(78,20,'import { TenHam } from \"./module.js\"',0),(79,20,'require(\"./module.js\")',0),(80,20,'include \"./module.js\"',0),(81,21,'Gi·∫£m t·∫£i nh·∫≠n th·ª©c, gi√∫p m·∫Øt ngh·ªâ ng∆°i v√Ý t·∫≠p trung v√Ýo n·ªôi dung ch√≠nh',1),(82,21,'ƒê·ªÉ trang web c√≥ v·∫ª d√Ýi h∆°n',0),(83,21,'Ti·∫øt ki·ªám m√Ýu m·ª±c in',0),(84,21,'L√Ý l·ªói thi·∫øt k·∫ø b·ªã thi·∫øu n·ªôi dung',0),(85,22,'RGB',1),(86,22,'CMYK',0),(87,22,'Pantone',0),(88,22,'Grayscale',0),(89,23,'Ph√≠m F',1),(90,23,'Ph√≠m V',0),(91,23,'Ph√≠m R',0),(92,23,'Ph√≠m T',0),(93,24,'B·∫£n v·∫Ω ph√°c th·∫£o c·∫•u tr√∫c giao di·ªán c∆° b·∫£n (th∆∞·ªùng ƒëen tr·∫Øng)',1),(94,24,'B·∫£n thi·∫øt k·∫ø cu·ªëi c√πng ƒë·∫ßy ƒë·ªß m√Ýu s·∫Øc',0),(95,24,'C√¥ng c·ª• l·∫≠p tr√¨nh CSS',0),(96,24,'M·ªôt lo·∫°i font ch·ªØ',0),(97,25,'T·∫°o c√°c lu·ªìng click chuy·ªÉn trang m√¥ ph·ªèng nh∆∞ ·ª©ng d·ª•ng th·∫≠t',1),(98,25,'Sinh ra code frontend t·ª± ƒë·ªông',0),(99,25,'Ki·ªÉm tra l·ªói ch√≠nh t·∫£ n·ªôi dung',0),(100,25,'Upload thi·∫øt k·∫ø l√™n server',0),(101,26,'H·ªá th·ªëng t·ª± ƒë·ªông h·ªçc v√Ý c·∫£i thi·ªán t·ª´ d·ªØ li·ªáu thay v√¨ l·∫≠p tr√¨nh c·ª• th·ªÉ',1),(102,26,'L·∫≠p tr√¨nh c√°c l·ªánh if-else ph·ª©c t·∫°p',0),(103,26,'Ph·∫ßn m·ªÅm t·ª± ƒë·ªông t·∫°o video',0),(104,26,'M·ªôt lo·∫°i vi x·ª≠ l√Ω m√°y t√≠nh',0),(105,27,'D·ªØ li·ªáu ƒë√£ ƒë∆∞·ª£c g√°n nh√£n (Labeled data)',1),(106,27,'D·ªØ li·ªáu ch∆∞a ph√¢n lo·∫°i',0),(107,27,'D·ªØ li·ªáu h√¨nh ·∫£nh ƒë·ªô ph√¢n gi·∫£i cao',0),(108,27,'Ch·ªâ ch·∫•p nh·∫≠n d·ªØ li·ªáu text',0),(109,28,'Unsupervised Learning (H·ªçc kh√¥ng gi√°m s√°t)',1),(110,28,'Supervised Learning',0),(111,28,'Reinforcement Learning',0),(112,28,'Deep Learning',0),(113,29,'Hidden Layer (L·ªõp ·∫©n)',1),(114,29,'Database Layer',0),(115,29,'Logic Layer',0),(116,29,'Action Layer',0),(117,30,'T·ª∑ l·ªá s·ªë l∆∞·ª£t d·ª± ƒëo√°n ƒë√∫ng tr√™n t·ªïng s·ªë d·ª± ƒëo√°n',1),(118,30,'Th·ªùi gian m√°y t√≠nh ch·∫°y xong m√¥ h√¨nh',0),(119,30,'S·ªë l·ªói h·ªá th·ªëng tr·∫£ v·ªÅ',0),(120,30,'Dung l∆∞·ª£ng file data',0),(121,31,'print()',1),(122,31,'echo()',0),(123,31,'console.log()',0),(124,31,'System.out.println()',0),(125,32,'Dictionary',1),(126,32,'List',0),(127,32,'Tuple',0),(128,32,'Set',0),(129,33,'break',1),(130,33,'stop',0),(131,33,'exit',0),(132,33,'continue',0),(133,34,'def',1),(134,34,'function',0),(135,34,'func',0),(136,34,'define',0),(137,35,'Mode \"a\" (Append)',1),(138,35,'Mode \"w\" (Write)',0),(139,35,'Mode \"r\" (Read)',0),(140,35,'Mode \"x\" (Create)',0),(141,36,'Thu h√∫t kh√°ch h√Ýng t·ª± nhi√™n b·∫±ng n·ªôi dung h·ªØu √≠ch v√Ý tr·∫£i nghi·ªám c√° nh√¢n h√≥a',1),(142,36,'G·ªçi ƒëi·ªán tho·∫°i (Telesales) cho h√Ýng ng√Ýn ng∆∞·ªùi',0),(143,36,'G·ª≠i email spam li√™n t·ª•c',0),(144,36,'Mua danh s√°ch s·ªë ƒëi·ªán tho·∫°i ƒë·ªÉ nh·∫Øn tin',0),(145,37,'Th·∫ª <title> (Ti√™u ƒë·ªÅ trang)',1),(146,37,'Th·∫ª <div>',0),(147,37,'Th·∫ª <br>',0),(148,37,'Th·∫ª <button>',0),(149,38,'Facebook Pixel (Meta Pixel)',1),(150,38,'Google Search Console',0),(151,38,'Facebook Ads Manager',0),(152,38,'Facebook Insights',0),(153,39,'T·ª∑ l·ªá nh·∫•p chu·ªôt (S·ªë click / S·ªë l∆∞·ª£t hi·ªÉn th·ªã x 100)',1),(154,39,'Chi ph√≠ tr·∫£ cho m·ªôt l∆∞·ª£t click',0),(155,39,'T·ªïng s·ªë ti·ªÅn ƒë√£ ti√™u',0),(156,39,'S·ªë ng∆∞·ªùi mua h√Ýng th√Ýnh c√¥ng',0),(157,40,'Kh√°ch h√Ýng truy c·∫≠p v√Ý r·ªùi ƒëi ngay t·ª´ trang ƒë·∫ßu m√Ý kh√¥ng t∆∞∆°ng t√°c th√™m',1),(158,40,'Kh√°ch h√Ýng ·ªü l·∫°i trang r·∫•t l√¢u',0),(159,40,'Trang web b·ªã l·ªói kh√¥ng truy c·∫≠p ƒë∆∞·ª£c',0),(160,40,'T·ªëc ƒë·ªô load trang c·ª±c k·ª≥ nhanh',0),(161,41,'Kh√¥ng c√≥ h·ªá th·ªëng g∆∞∆°ng l·∫≠t b√™n trong',1),(162,41,'Kh√¥ng th·ªÉ thay ƒë·ªïi ·ªëng k√≠nh (lens)',0),(163,41,'Ch·ª•p h√¨nh m·ªù h∆°n DSLR',0),(164,41,'S·ª≠ d·ª•ng phim cu·ªôn thay v√¨ c·∫£m bi·∫øn',0),(165,42,'ISO, Kh·∫©u ƒë·ªô (Aperture), T·ªëc ƒë·ªô m√Ýn tr·∫≠p (Shutter Speed)',1),(166,42,'Zoom, Focus, Flash',0),(167,42,'T∆∞∆°ng ph·∫£n, B√£o h√≤a, S·∫Øc ƒë·ªô',0),(168,42,'Megapixel, Bitrate, Framerate',0),(169,43,'9 ph·∫ßn b·∫±ng nhau',1),(170,43,'3 ph·∫ßn b·∫±ng nhau',0),(171,43,'6 ph·∫ßn b·∫±ng nhau',0),(172,43,'4 ph·∫ßn b·∫±ng nhau',0),(173,44,'Sau khi m·∫∑t tr·ªùi m·ªçc ho·∫∑c ngay tr∆∞·ªõc l√∫c ho√Ýng h√¥n',1),(174,44,'Gi·ªØa tr∆∞a l√∫c 12 gi·ªù',0),(175,44,'Ho√Ýn to√Ýn t·ªëi v√Ýo ban ƒë√™m',0),(176,44,'Khi ·ªü trong studio t·ªëi',0),(177,45,'Ch·ªânh ƒë·ªô s√°ng/t·ªëi t·ªïng th·ªÉ c·ªßa b·ª©c ·∫£nh',1),(178,45,'X√≥a ph√¥ng n·ªÅn b·ª©c ·∫£nh',0),(179,45,'Chuy·ªÉn ·∫£nh m√Ýu sang ƒëen tr·∫Øng',0),(180,45,'TƒÉng ƒë·ªô n√©t v√πng vi·ªÅn',0),(181,46,'44 √¢m (20 nguy√™n √¢m, 24 ph·ª• √¢m)',1),(182,46,'26 ch·ªØ c√°i',0),(183,46,'5 nguy√™n √¢m ch√≠nh',0),(184,46,'32 √¢m',0),(185,47,'As Soon As Possible (C√Ýng s·ªõm c√Ýng t·ªët)',1),(186,47,'As Simple As Possible',0),(187,47,'Always Send A Picture',0),(188,47,'A Short And Polite',0),(189,48,'Thu h√∫t s·ª± ch√∫ √Ω c·ªßa ng∆∞·ªùi nghe ngay t·ª´ nh·ªØng gi√¢y ƒë·∫ßu ti√™n',1),(190,48,'T√≥m t·∫Øt to√Ýn b·ªô n·ªôi dung b√Ýi ·ªü cu·ªëi',0),(191,48,'H·ªèi ƒë√°p v·ªõi kh√°n gi·∫£ (Q&A)',0),(192,48,'L·ªùi ch√Ýo t·∫°m bi·ªát',0),(193,49,'Nghe ng∆∞·ªùi b·∫£n x·ª© n√≥i v√Ý l·∫≠p t·ª©c l·∫∑p l·∫°i ngay theo ƒë√∫ng ng·ªØ ƒëi·ªáu ƒë√≥',1),(194,49,'D·ªãch t·ª´ng t·ª´ ti·∫øng Anh sang ti·∫øng Vi·ªát trong ƒë·∫ßu',0),(195,49,'H·ªçc thu·ªôc l√≤ng t·ª´ v·ª±ng b·∫±ng c√°ch ch√©p tay',0),(196,49,'Nghe podcast trong l√∫c ng·ªß',0),(197,50,'T√≥m g·ªçn chuy√™n m√¥n, kinh nghi·ªám v√Ý k·ªπ nƒÉng li√™n quan tr·ª±c ti·∫øp ƒë·∫øn c√¥ng vi·ªác',1),(198,50,'K·ªÉ chi ti·∫øt v·ªÅ qu√™ qu√°n v√Ý s·ªü th√≠ch du l·ªãch c√° nh√¢n',0),(199,50,'ƒê·ªçc l·∫°i y h·ªát t·ª´ng ch·ªØ c√≥ tr√™n CV',0),(200,50,'H·ªèi ng∆∞·ª£c l·∫°i nh√Ý tuy·ªÉn d·ª•ng v·ªÅ m·ª©c l∆∞∆°ng',0);
/*!40000 ALTER TABLE `question_options` ENABLE KEYS */;
UNLOCK TABLES;

--
-- Table structure for table `questions`
--

DROP TABLE IF EXISTS `questions`;
/*!40101 SET @saved_cs_client     = @@character_set_client */;
/*!50503 SET character_set_client = utf8mb4 */;
CREATE TABLE `questions` (
  `id` int NOT NULL AUTO_INCREMENT,
  `quiz_id` int NOT NULL,
  `content` text NOT NULL,
  `question_type` enum('multiple_choice','true_false') NOT NULL DEFAULT 'multiple_choice',
  `score` int DEFAULT '1',
  PRIMARY KEY (`id`),
  KEY `fk_question_quiz` (`quiz_id`),
  CONSTRAINT `fk_question_quiz` FOREIGN KEY (`quiz_id`) REFERENCES `quizzes` (`id`) ON DELETE CASCADE
) ENGINE=InnoDB AUTO_INCREMENT=51 DEFAULT CHARSET=utf8mb4 COLLATE=utf8mb4_0900_ai_ci;
/*!40101 SET character_set_client = @saved_cs_client */;

--
-- Dumping data for table `questions`
--

LOCK TABLES `questions` WRITE;
/*!40000 ALTER TABLE `questions` DISABLE KEYS */;
INSERT INTO `questions` VALUES (1,1,'ƒê·∫∑c ƒëi·ªÉm n·ªïi b·∫≠t nh·∫•t c·ªßa ReactJS l√Ý g√¨?','multiple_choice',100),(2,11,'L·ªánh n√Ýo d√πng ƒë·ªÉ kh·ªüi t·∫°o d·ª± √°n React m·ªõi v·ªõi Vite?','multiple_choice',100),(3,12,'Trong JSX, thu·ªôc t√≠nh class c·ªßa HTML ph·∫£i ƒë∆∞·ª£c vi·∫øt th√Ýnh g√¨?','multiple_choice',100),(4,13,'ƒê·∫∑c ƒëi·ªÉm ch√≠nh c·ªßa Props trong React l√Ý g√¨?','multiple_choice',100),(5,14,'Hook n√Ýo sau ƒë√¢y d√πng ƒë·ªÉ khai b√°o bi·∫øn tr·∫°ng th√°i (state) trong Functional Component?','multiple_choice',100),(6,2,'Hook useEffect th∆∞·ªùng ƒë∆∞·ª£c th·ª±c thi v√Ýo th·ªùi ƒëi·ªÉm n√Ýo?','multiple_choice',100),(7,15,'Quy t·∫Øc ƒë·∫∑t t√™n b·∫Øt bu·ªôc cho m·ªôt Custom Hook l√Ý g√¨?','multiple_choice',100),(8,16,'Context API trong React ƒë∆∞·ª£c sinh ra ƒë·ªÉ gi·∫£i quy·∫øt v·∫•n ƒë·ªÅ ch√≠nh n√Ýo?','multiple_choice',100),(9,17,'H√Ým n√Ýo c·ªßa Redux Toolkit d√πng ƒë·ªÉ t·∫°o m·ªôt slice ch·ª©a reducers v√Ý actions?','multiple_choice',100),(10,18,'K·ªπ thu·∫≠t Code Splitting v√Ý Lazy Loading trong React gi√∫p √≠ch g√¨?','multiple_choice',100),(11,3,'Node.js ho·∫°t ƒë·ªông d·ª±a tr√™n m√¥ h√¨nh x·ª≠ l√Ω n√Ýo?','multiple_choice',100),(12,19,'H√Ým n√Ýo d√πng ƒë·ªÉ kh·ªüi t·∫°o m·ªôt ·ª©ng d·ª•ng web v·ªõi ExpressJS?','multiple_choice',100),(13,20,'Package n√Ýo ph·ªï bi·∫øn ƒë·ªÉ k·∫øt n·ªëi Node.js v·ªõi MySQL c√≥ h·ªó tr·ª£ c√∫ ph√°p Promises?','multiple_choice',100),(14,21,'HTTP Method n√Ýo theo chu·∫©n RESTful th∆∞·ªùng d√πng ƒë·ªÉ t·∫°o m·ªõi t√Ýi nguy√™n?','multiple_choice',100),(15,22,'JSON Web Token (JWT) ƒë∆∞·ª£c c·∫•u t·∫°o t·ª´ m·∫•y ph·∫ßn ch√≠nh?','multiple_choice',100),(16,4,'T·ª´ kh√≥a n√Ýo trong ES6 d√πng ƒë·ªÉ khai b√°o m·ªôt h·∫±ng s·ªë?','multiple_choice',100),(17,23,'Ph∆∞∆°ng th·ª©c n√Ýo sau ƒë√¢y ch·ªâ l·∫•y ra ƒë√∫ng M·ªòT ph·∫ßn t·ª≠ DOM ƒë·∫ßu ti√™n th·ªèa m√£n CSS Selector?','multiple_choice',100),(18,24,'T·ª´ kh√≥a \"await\" trong JavaScript ch·ªâ c√≥ th·ªÉ ƒë∆∞·ª£c s·ª≠ d·ª•ng b√™n trong?','multiple_choice',100),(19,25,'Ph∆∞∆°ng th·ª©c kh·ªüi t·∫°o ƒë·ªëi t∆∞·ª£ng c·ªßa m·ªôt Class trong JS c√≥ t√™n l√Ý g√¨?','multiple_choice',100),(20,26,'ƒê·ªÉ nh·∫≠p m·ªôt h√Ým ƒë∆∞·ª£c \"export default\" t·ª´ module kh√°c, ta d√πng c√∫ ph√°p n√Ýo?','multiple_choice',100),(21,5,'Trong thi·∫øt k·∫ø UI, White Space (Kho·∫£ng tr·∫Øng) c√≥ t√°c d·ª•ng g√¨?','multiple_choice',100),(22,27,'H·ªá m√Ýu n√Ýo ti√™u chu·∫©n d√πng cho c√°c thi·∫øt k·∫ø hi·ªÉn th·ªã tr√™n m√Ýn h√¨nh s·ªë (Digital)?','multiple_choice',100),(23,28,'Ph√≠m t·∫Øt ƒë·ªÉ v·∫Ω m·ªôt Frame m·ªõi trong Figma l√Ý g√¨?','multiple_choice',100),(24,29,'Wireframe trong quy tr√¨nh thi·∫øt k·∫ø l√Ý g√¨?','multiple_choice',100),(25,30,'Ch·ª©c nƒÉng Prototype trong Figma c√≥ √Ω nghƒ©a g√¨?','multiple_choice',100),(26,6,'Machine Learning (H·ªçc m√°y) l√Ý g√¨?','multiple_choice',100),(27,31,'Supervised Learning (H·ªçc c√≥ gi√°m s√°t) y√™u c·∫ßu d·ªØ li·ªáu ƒë·∫ßu v√Ýo ph·∫£i c√≥ ƒë·∫∑c ƒëi·ªÉm g√¨?','multiple_choice',100),(28,32,'K-Means Clustering thu·ªôc nh√°nh n√Ýo c·ªßa Machine Learning?','multiple_choice',100),(29,33,'Trong M·∫°ng N∆°-ron (ANN), l·ªõp n·∫±m gi·ªØa Input v√Ý Output ƒë∆∞·ª£c g·ªçi l√Ý g√¨?','multiple_choice',100),(30,34,'Ch·ªâ s·ªë Accuracy (ƒê·ªô ch√≠nh x√°c) c·ªßa m√¥ h√¨nh ƒë∆∞·ª£c t√≠nh nh∆∞ th·∫ø n√Ýo?','multiple_choice',100),(31,7,'H√Ým n√Ýo trong Python d√πng ƒë·ªÉ in vƒÉn b·∫£n ra m√Ýn h√¨nh console?','multiple_choice',100),(32,35,'C·∫•u tr√∫c d·ªØ li·ªáu n√Ýo trong Python ho·∫°t ƒë·ªông theo c∆° ch·∫ø Key-Value?','multiple_choice',100),(33,36,'L·ªánh n√Ýo d√πng ƒë·ªÉ tho√°t ho√Ýn to√Ýn kh·ªèi v√≤ng l·∫∑p \"for\" ho·∫∑c \"while\"?','multiple_choice',100),(34,37,'T·ª´ kh√≥a n√Ýo ƒë∆∞·ª£c s·ª≠ d·ª•ng ƒë·ªÉ ƒë·ªãnh nghƒ©a m·ªôt h√Ým t·ª± t·∫°o trong Python?','multiple_choice',100),(35,38,'Mode n√Ýo m·ªü file ƒë·ªÉ GHI TH√äM v√Ýo cu·ªëi file m√Ý kh√¥ng x√≥a d·ªØ li·ªáu c≈©?','multiple_choice',100),(36,8,'Inbound Marketing t·∫≠p trung v√Ýo chi·∫øn l∆∞·ª£c n√Ýo?','multiple_choice',100),(37,39,'Trong SEO On-page, th·∫ª HTML n√Ýo quan tr·ªçng nh·∫•t ƒë·ªÉ m√¥ t·∫£ n·ªôi dung ch√≠nh trang web?','multiple_choice',100),(38,40,'ƒêo·∫°n m√£ d√πng ƒë·ªÉ theo d√µi h√Ýnh vi ng∆∞·ªùi d√πng tr√™n website g·ª≠i v·ªÅ Facebook g·ªçi l√Ý g√¨?','multiple_choice',100),(39,41,'Ch·ªâ s·ªë CTR (Click-Through Rate) trong qu·∫£ng c√°o bi·ªÉu th·ªã ƒëi·ªÅu g√¨?','multiple_choice',100),(40,42,'Bounce Rate (T·ª∑ l·ªá tho√°t) cao trong Google Analytics th∆∞·ªùng ph·∫£n √°nh ƒëi·ªÅu g√¨?','multiple_choice',100),(41,9,'ƒêi·ªÉm kh√°c bi·ªát l·ªõn nh·∫•t v·ªÅ c·∫•u t·∫°o gi·ªØa m√°y ·∫£nh Mirrorless v√Ý DSLR l√Ý g√¨?','multiple_choice',100),(42,43,'Tam gi√°c ph∆°i s√°ng (Exposure Triangle) bao g·ªìm 3 y·∫øu t·ªë n√Ýo?','multiple_choice',100),(43,44,'Quy t·∫Øc b·ªë c·ª•c 1/3 (Rule of Thirds) chia khung h√¨nh ra l√Ým bao nhi√™u √¥ b·∫±ng nhau?','multiple_choice',100),(44,45,'Kh√°i ni·ªám \"Gi·ªù V√Ýng\" (Golden Hour) ch·ªâ th·ªùi ƒëi·ªÉm n√Ýo trong ng√Ýy?','multiple_choice',100),(45,46,'Thanh c√¥ng c·ª• \"Exposure\" trong ph·∫ßn m·ªÅm Lightroom d√πng ƒë·ªÉ l√Ým g√¨?','multiple_choice',100),(46,10,'B·∫£ng phi√™n √¢m qu·ªëc t·∫ø (IPA) trong ti·∫øng Anh c√≥ t·ªïng c·ªông bao nhi√™u √¢m?','multiple_choice',100),(47,47,'Trong vƒÉn h√≥a g·ª≠i email c√¥ng s·ªü, \"ASAP\" l√Ý vi·∫øt t·∫Øt c·ªßa c·ª•m t·ª´ n√Ýo?','multiple_choice',100),(48,48,'Ph·∫ßn \"Hook\" trong c·∫•u tr√∫c m·ªôt b√Ýi thuy·∫øt tr√¨nh nh·∫±m m·ª•c ƒë√≠ch g√¨?','multiple_choice',100),(49,49,'K·ªπ thu·∫≠t \"Shadowing\" trong vi·ªác luy·ªán nghe n√≥i ti·∫øng Anh l√Ý g√¨?','multiple_choice',100),(50,50,'Khi ph·ªèng v·∫•n, c√¢u tr·∫£ l·ªùi t·ªët nh·∫•t cho \"Tell me about yourself\" n√™n t·∫≠p trung v√Ýo ƒë√¢u?','multiple_choice',100);
/*!40000 ALTER TABLE `questions` ENABLE KEYS */;
UNLOCK TABLES;

--
-- Table structure for table `quizzes`
--

DROP TABLE IF EXISTS `quizzes`;
/*!40101 SET @saved_cs_client     = @@character_set_client */;
/*!50503 SET character_set_client = utf8mb4 */;
CREATE TABLE `quizzes` (
  `id` int NOT NULL AUTO_INCREMENT,
  `lesson_id` int NOT NULL,
  `title` varchar(255) NOT NULL,
  `total_score` int DEFAULT '100',
  `created_at` timestamp NULL DEFAULT CURRENT_TIMESTAMP,
  PRIMARY KEY (`id`),
  KEY `fk_quiz_lesson` (`lesson_id`),
  CONSTRAINT `fk_quiz_lesson` FOREIGN KEY (`lesson_id`) REFERENCES `lessons` (`id`) ON DELETE CASCADE
) ENGINE=InnoDB AUTO_INCREMENT=74 DEFAULT CHARSET=utf8mb4 COLLATE=utf8mb4_0900_ai_ci;
/*!40101 SET character_set_client = @saved_cs_client */;

--
-- Dumping data for table `quizzes`
--

LOCK TABLES `quizzes` WRITE;
/*!40000 ALTER TABLE `quizzes` DISABLE KEYS */;
INSERT INTO `quizzes` VALUES (1,1,'Quiz: React for Beginners - B√Ýi 1',100,'2026-04-02 04:17:37'),(2,6,'Quiz: Advanced React - B√Ýi 1',100,'2026-04-02 04:17:37'),(3,11,'Quiz: Node.js API - B√Ýi 1',100,'2026-04-02 04:17:37'),(4,16,'Quiz: JavaScript Masterclass - B√Ýi 1',100,'2026-04-02 04:17:37'),(5,21,'Quiz: UI UX Design - B√Ýi 1',100,'2026-04-02 04:17:37'),(6,26,'Quiz: Machine Learning Intro - B√Ýi 1',100,'2026-04-02 04:17:37'),(7,31,'Quiz: Python for Beginners - B√Ýi 1',100,'2026-04-02 04:17:37'),(8,36,'Quiz: Digital Marketing 101 - B√Ýi 1',100,'2026-04-02 04:17:37'),(9,41,'Quiz: Photography Basics - B√Ýi 1',100,'2026-04-02 04:17:37'),(10,46,'Quiz: English Speaking - B√Ýi 1',100,'2026-04-02 04:17:37'),(11,2,'Quiz: B√Ýi 2: C√Ýi ƒë·∫∑t m√¥i tr∆∞·ªùng (Node.js & Vite)',100,'2026-04-18 05:44:02'),(12,3,'Quiz: B√Ýi 3: C√∫ ph√°p JSX c∆° b·∫£n',100,'2026-04-18 05:44:02'),(13,4,'Quiz: B√Ýi 4: Component & Props',100,'2026-04-18 05:44:02'),(14,5,'Quiz: B√Ýi 5: State & Lifecycle',100,'2026-04-18 05:44:02'),(15,7,'Quiz: B√Ýi 2: T·ª± x√¢y d·ª±ng Custom Hooks',100,'2026-04-18 05:44:02'),(16,8,'Quiz: B√Ýi 3: Qu·∫£n l√Ω State v·ªõi Context API',100,'2026-04-18 05:44:02'),(17,9,'Quiz: B√Ýi 4: T√≠ch h·ª£p Redux Toolkit',100,'2026-04-18 05:44:02'),(18,10,'Quiz: B√Ýi 5: T·ªëi ∆∞u hi·ªáu su·∫•t (Code Splitting)',100,'2026-04-18 05:44:02'),(19,12,'Quiz: B√Ýi 2: ExpressJS Basics',100,'2026-04-18 05:44:02'),(20,13,'Quiz: B√Ýi 3: K·∫øt n·ªëi MySQL',100,'2026-04-18 05:44:02'),(21,14,'Quiz: B√Ýi 4: Thi·∫øt k·∫ø RESTful API',100,'2026-04-18 05:44:02'),(22,15,'Quiz: B√Ýi 5: JWT Authentication',100,'2026-04-18 05:44:02'),(23,17,'Quiz: B√Ýi 2: Thao t√°c DOM (DOM Manipulation)',100,'2026-04-18 05:44:02'),(24,18,'Quiz: B√Ýi 3: L·∫≠p tr√¨nh b·∫•t ƒë·ªìng b·ªô',100,'2026-04-18 05:44:02'),(25,19,'Quiz: B√Ýi 4: OOP trong JavaScript',100,'2026-04-18 05:44:02'),(26,20,'Quiz: B√Ýi 5: JS Modules',100,'2026-04-18 05:44:02'),(27,22,'Quiz: B√Ýi 2: Typography & Color Theory',100,'2026-04-18 05:44:02'),(28,23,'Quiz: B√Ýi 3: L√Ým quen v·ªõi Figma',100,'2026-04-18 05:44:02'),(29,24,'Quiz: B√Ýi 4: Thi·∫øt k·∫ø Wireframe',100,'2026-04-18 05:44:02'),(30,25,'Quiz: B√Ýi 5: T·∫°o Prototype',100,'2026-04-18 05:44:02'),(31,27,'Quiz: B√Ýi 2: Supervised Learning',100,'2026-04-18 05:44:02'),(32,28,'Quiz: B√Ýi 3: Unsupervised Learning',100,'2026-04-18 05:44:02'),(33,29,'Quiz: B√Ýi 4: M·∫°ng N∆°-ron nh√¢n t·∫°o (ANN)',100,'2026-04-18 05:44:02'),(34,30,'Quiz: B√Ýi 5: ƒê√°nh gi√° m√¥ h√¨nh (Model Evaluation)',100,'2026-04-18 05:44:02'),(35,32,'Quiz: B√Ýi 2: Bi·∫øn v√Ý Ki·ªÉu d·ªØ li·ªáu',100,'2026-04-18 05:44:02'),(36,33,'Quiz: B√Ýi 3: C√¢u l·ªánh r·∫Ω nh√°nh v√Ý V√≤ng l·∫∑p',100,'2026-04-18 05:44:02'),(37,34,'Quiz: B√Ýi 4: Vi·∫øt H√Ým (Functions)',100,'2026-04-18 05:44:02'),(38,35,'Quiz: B√Ýi 5: Thao t√°c v·ªõi File',100,'2026-04-18 05:44:02'),(39,37,'Quiz: B√Ýi 2: SEO cƒÉn b·∫£n',100,'2026-04-18 05:44:02'),(40,38,'Quiz: B√Ýi 3: T·ªïng quan Facebook Ads',100,'2026-04-18 05:44:02'),(41,39,'Quiz: B√Ýi 4: Google Search Ads',100,'2026-04-18 05:44:02'),(42,40,'Quiz: B√Ýi 5: ƒê·ªçc ch·ªâ s·ªë Analytics',100,'2026-04-18 05:44:02'),(43,42,'Quiz: B√Ýi 2: Tam gi√°c ph∆°i s√°ng',100,'2026-04-18 05:44:02'),(44,43,'Quiz: B√Ýi 3: Quy t·∫Øc b·ªë c·ª•c',100,'2026-04-18 05:44:02'),(45,44,'Quiz: B√Ýi 4: √Ånh s√°ng trong nhi·∫øp ·∫£nh',100,'2026-04-18 05:44:02'),(46,45,'Quiz: B√Ýi 5: H·∫≠u k·ª≥ v·ªõi Lightroom',100,'2026-04-18 05:44:02'),(47,47,'Quiz: B√Ýi 2: Ti·∫øng Anh giao ti·∫øp c√¥ng s·ªü',100,'2026-04-18 05:44:02'),(48,48,'Quiz: B√Ýi 3: K·ªπ nƒÉng thuy·∫øt tr√¨nh',100,'2026-04-18 05:44:02'),(49,49,'Quiz: B√Ýi 4: Luy·ªán nghe ch·ªß ƒë·ªông',100,'2026-04-18 05:44:02'),(50,50,'Quiz: B√Ýi 5: Tr·∫£ l·ªùi ph·ªèng v·∫•n ti·∫øng Anh',100,'2026-04-18 05:44:02');
/*!40000 ALTER TABLE `quizzes` ENABLE KEYS */;
UNLOCK TABLES;

--
-- Table structure for table `reviews`
--

DROP TABLE IF EXISTS `reviews`;
/*!40101 SET @saved_cs_client     = @@character_set_client */;
/*!50503 SET character_set_client = utf8mb4 */;
CREATE TABLE `reviews` (
  `id` int NOT NULL AUTO_INCREMENT,
  `user_id` int NOT NULL,
  `course_id` int NOT NULL,
  `rating` int DEFAULT NULL,
  `comment` text,
  `created_at` timestamp NULL DEFAULT CURRENT_TIMESTAMP,
  PRIMARY KEY (`id`),
  KEY `user_id` (`user_id`),
  KEY `course_id` (`course_id`),
  CONSTRAINT `reviews_ibfk_1` FOREIGN KEY (`user_id`) REFERENCES `users` (`id`) ON DELETE CASCADE,
  CONSTRAINT `reviews_ibfk_2` FOREIGN KEY (`course_id`) REFERENCES `courses` (`id`) ON DELETE CASCADE,
  CONSTRAINT `reviews_chk_1` CHECK ((`rating` between 1 and 5))
) ENGINE=InnoDB AUTO_INCREMENT=21 DEFAULT CHARSET=utf8mb4 COLLATE=utf8mb4_0900_ai_ci;
/*!40101 SET character_set_client = @saved_cs_client */;

--
-- Dumping data for table `reviews`
--

LOCK TABLES `reviews` WRITE;
/*!40000 ALTER TABLE `reviews` DISABLE KEYS */;
/*!40000 ALTER TABLE `reviews` ENABLE KEYS */;
UNLOCK TABLES;

--
-- Table structure for table `skills`
--

DROP TABLE IF EXISTS `skills`;
/*!40101 SET @saved_cs_client     = @@character_set_client */;
/*!50503 SET character_set_client = utf8mb4 */;
CREATE TABLE `skills` (
  `id` int NOT NULL AUTO_INCREMENT,
  `name` varchar(100) NOT NULL,
  PRIMARY KEY (`id`),
  UNIQUE KEY `name` (`name`)
) ENGINE=InnoDB AUTO_INCREMENT=7 DEFAULT CHARSET=utf8mb4 COLLATE=utf8mb4_0900_ai_ci;
/*!40101 SET character_set_client = @saved_cs_client */;

--
-- Dumping data for table `skills`
--

LOCK TABLES `skills` WRITE;
/*!40000 ALTER TABLE `skills` DISABLE KEYS */;
INSERT INTO `skills` VALUES (4,'Backend'),(3,'Frontend'),(2,'Node.js'),(6,'Python'),(1,'React'),(5,'UI/UX');
/*!40000 ALTER TABLE `skills` ENABLE KEYS */;
UNLOCK TABLES;

--
-- Table structure for table `transactions`
--

DROP TABLE IF EXISTS `transactions`;
/*!40101 SET @saved_cs_client     = @@character_set_client */;
/*!50503 SET character_set_client = utf8mb4 */;
CREATE TABLE `transactions` (
  `id` int NOT NULL AUTO_INCREMENT,
  `user_id` int NOT NULL,
  `amount` decimal(10,2) NOT NULL,
  `status` enum('pending','completed','failed','refunded') DEFAULT 'pending',
  `payment_method` varchar(50) DEFAULT NULL,
  `created_at` timestamp NULL DEFAULT CURRENT_TIMESTAMP,
  PRIMARY KEY (`id`),
  KEY `fk_trans_user` (`user_id`),
  CONSTRAINT `fk_trans_user` FOREIGN KEY (`user_id`) REFERENCES `users` (`id`) ON DELETE CASCADE
) ENGINE=InnoDB AUTO_INCREMENT=27 DEFAULT CHARSET=utf8mb4 COLLATE=utf8mb4_0900_ai_ci;
/*!40101 SET character_set_client = @saved_cs_client */;

--
-- Dumping data for table `transactions`
--

LOCK TABLES `transactions` WRITE;
/*!40000 ALTER TABLE `transactions` DISABLE KEYS */;
INSERT INTO `transactions` VALUES (1,11,500000.00,'pending','LMS1776344271428','2026-04-16 12:57:51'),(2,11,100000.00,'pending','LMS1776350870984','2026-04-16 14:47:50'),(3,11,200000.00,'completed','LMS1776403884661','2026-04-17 05:31:24'),(4,11,200000.00,'completed','LMS1776404231729','2026-04-17 05:37:11'),(5,11,100000.00,'pending','LMS1776404308935','2026-04-17 05:38:28'),(6,11,200000.00,'completed','LMS1776409607471','2026-04-17 07:06:47'),(7,11,200000.00,'failed','LMS1776409777487','2026-04-17 07:09:37'),(8,11,100000.00,'failed','LMS1776413822743','2026-04-17 08:17:02'),(9,11,100000.00,'pending','LMS1776414013367','2026-04-17 08:20:13'),(10,11,100000.00,'pending','LMS1776414029493','2026-04-17 08:20:29'),(11,11,500000.00,'pending','LMS1776414050854','2026-04-17 08:20:50'),(12,11,100000.00,'failed','LMS1776414130336','2026-04-17 08:22:10'),(13,11,200000.00,'completed','LMS1776414312932','2026-04-17 08:25:12'),(14,11,100000.00,'failed','LMS1776424963223','2026-04-17 11:22:43'),(15,12,500000.00,'completed','LMS1776443953933','2026-04-17 16:39:13'),(16,12,1000000.00,'completed','LMS1776444006398','2026-04-17 16:40:06'),(17,12,1250000.00,'completed','course_purchase','2026-04-17 16:40:32'),(18,11,500000.00,'completed','LMS1776473809752','2026-04-18 00:56:49'),(19,11,1250000.00,'completed','course_purchase','2026-04-18 00:57:27'),(20,11,500000.00,'failed','LMS1776478199298','2026-04-18 02:09:59'),(21,11,500000.00,'failed','LMS1776478530857','2026-04-18 02:15:30'),(22,11,500000.00,'pending','LMS1776478540631','2026-04-18 02:15:40'),(23,11,200000.00,'failed','LMS1776489646321','2026-04-18 05:20:46'),(24,11,200000.00,'completed','LMS1776490140381','2026-04-18 05:29:00'),(25,11,1000000.00,'completed','LMS1776492072306','2026-04-18 06:01:12'),(26,11,100000.00,'failed','LMS1777128817313','2026-04-25 14:53:37');
/*!40000 ALTER TABLE `transactions` ENABLE KEYS */;
UNLOCK TABLES;

--
-- Table structure for table `user_profiles`
--

DROP TABLE IF EXISTS `user_profiles`;
/*!40101 SET @saved_cs_client     = @@character_set_client */;
/*!50503 SET character_set_client = utf8mb4 */;
CREATE TABLE `user_profiles` (
  `id` int NOT NULL AUTO_INCREMENT,
  `user_id` int NOT NULL,
  `learning_goal` text,
  `current_level` enum('beginner','intermediate','advanced') DEFAULT 'beginner',
  `preferred_learning_style` varchar(100) DEFAULT NULL,
  `daily_study_time` int DEFAULT '0',
  PRIMARY KEY (`id`),
  UNIQUE KEY `user_id` (`user_id`),
  CONSTRAINT `fk_user_profile` FOREIGN KEY (`user_id`) REFERENCES `users` (`id`) ON DELETE CASCADE
) ENGINE=InnoDB AUTO_INCREMENT=3 DEFAULT CHARSET=utf8mb4 COLLATE=utf8mb4_0900_ai_ci;
/*!40101 SET character_set_client = @saved_cs_client */;

--
-- Dumping data for table `user_profiles`
--

LOCK TABLES `user_profiles` WRITE;
/*!40000 ALTER TABLE `user_profiles` DISABLE KEYS */;
INSERT INTO `user_profiles` VALUES (1,4,'Mu·ªën tr·ªü th√Ýnh Frontend Developer chuy√™n nghi·ªáp','beginner','visual',120),(2,11,'H·ªçc l√Ým API v√Ý h·ªá th·ªëng Backend','intermediate','practice',90);
/*!40000 ALTER TABLE `user_profiles` ENABLE KEYS */;
UNLOCK TABLES;

--
-- Table structure for table `user_quiz_results`
--

DROP TABLE IF EXISTS `user_quiz_results`;
/*!40101 SET @saved_cs_client     = @@character_set_client */;
/*!50503 SET character_set_client = utf8mb4 */;
CREATE TABLE `user_quiz_results` (
  `id` int NOT NULL AUTO_INCREMENT,
  `user_id` int NOT NULL,
  `quiz_id` int NOT NULL,
  `score` float NOT NULL,
  `taken_at` timestamp NULL DEFAULT CURRENT_TIMESTAMP,
  PRIMARY KEY (`id`),
  KEY `fk_result_user` (`user_id`),
  KEY `fk_result_quiz` (`quiz_id`),
  CONSTRAINT `fk_result_quiz` FOREIGN KEY (`quiz_id`) REFERENCES `quizzes` (`id`) ON DELETE CASCADE,
  CONSTRAINT `fk_result_user` FOREIGN KEY (`user_id`) REFERENCES `users` (`id`) ON DELETE CASCADE
) ENGINE=InnoDB AUTO_INCREMENT=6 DEFAULT CHARSET=utf8mb4 COLLATE=utf8mb4_0900_ai_ci;
/*!40101 SET character_set_client = @saved_cs_client */;

--
-- Dumping data for table `user_quiz_results`
--

LOCK TABLES `user_quiz_results` WRITE;
/*!40000 ALTER TABLE `user_quiz_results` DISABLE KEYS */;
INSERT INTO `user_quiz_results` VALUES (1,11,1,0,'2026-04-06 10:56:10'),(2,11,1,100,'2026-04-06 10:56:18'),(3,11,8,100,'2026-04-06 10:57:32'),(4,11,9,0,'2026-04-08 14:45:57'),(5,11,9,100,'2026-04-08 14:46:03');
/*!40000 ALTER TABLE `user_quiz_results` ENABLE KEYS */;
UNLOCK TABLES;

--
-- Table structure for table `users`
--

DROP TABLE IF EXISTS `users`;
/*!40101 SET @saved_cs_client     = @@character_set_client */;
/*!50503 SET character_set_client = utf8mb4 */;
CREATE TABLE `users` (
  `id` int NOT NULL AUTO_INCREMENT,
  `name` varchar(100) NOT NULL,
  `email` varchar(100) NOT NULL,
  `password` varchar(255) NOT NULL,
  `role` enum('student','teacher','admin') DEFAULT 'student',
  `avatar` varchar(255) DEFAULT NULL,
  `created_at` timestamp NULL DEFAULT CURRENT_TIMESTAMP,
  `updated_at` timestamp NULL DEFAULT CURRENT_TIMESTAMP ON UPDATE CURRENT_TIMESTAMP,
  `balance` decimal(10,2) DEFAULT '0.00',
  PRIMARY KEY (`id`),
  UNIQUE KEY `email` (`email`)
) ENGINE=InnoDB AUTO_INCREMENT=14 DEFAULT CHARSET=utf8mb4 COLLATE=utf8mb4_0900_ai_ci;
/*!40101 SET character_set_client = @saved_cs_client */;

--
-- Dumping data for table `users`
--

LOCK TABLES `users` WRITE;
/*!40000 ALTER TABLE `users` DISABLE KEYS */;
INSERT INTO `users` VALUES (1,'Admin User','admin@test.com','$2b$10$eok0EzP9YpMbZ0KjcTXZUO97HzVSIGI4gKE.qRK5P8zWAX/Oor7EO','admin',NULL,'2026-03-08 08:18:14','2026-03-17 03:23:06',0.00),(2,'Teacher John','john@test.com','$2b$10$ibJlu7ctu11EhPiR29diQu1o9TdkWmKgoEYVaRaoBN3oZbEvCMyL.','teacher',NULL,'2026-03-08 08:18:14','2026-03-17 03:23:06',0.00),(3,'Teacher Anna','anna@test.com','$2b$10$4hb6jzefy97aelqEG5nZ4OjNiCsskPH5vTfCyMN5V/2l.aUvi377a','teacher',NULL,'2026-03-08 08:18:14','2026-03-17 03:23:06',0.00),(4,'Student Mike','mike@test.com','$2b$10$s3d1tzXsP0S0NubObZ8qSeuFdA3MBYt0u.qQN35lTgAgG1H2EB8fW','student',NULL,'2026-03-08 08:18:14','2026-03-17 03:23:06',0.00),(5,'Student Sarah','sarah@test.com','$2b$10$Sjnq8fB25ggyQ.h3PEDc5evLYYTCcqej6ir.EXHuNRWp2BRBQ/icO','student',NULL,'2026-03-08 08:18:14','2026-03-17 03:23:06',0.00),(6,'Student David','david@test.com','$2b$10$zNjPB7aIRdXiMzzLNXABOuTAQik7YJ2u866vRPFdpA8/1d2tVD/KS','student',NULL,'2026-03-08 08:22:52','2026-03-17 03:23:06',0.00),(7,'Student Emma','emma@test.com','$2b$10$7YoiNQu2TwiMsRhKjM75GeeUVcdeEjUjk20T.rT8U.SDKzdaaK.sq','student',NULL,'2026-03-08 08:22:52','2026-03-17 03:23:06',0.00),(8,'Student Alex','alex@test.com','$2b$10$hxVMXf7YkUngN52M73Fp/ewUfgPpfd23n0zT/KtxVGrnlipfkVnW2','student',NULL,'2026-03-08 08:22:52','2026-03-17 03:23:06',0.00),(9,'Student Linda','linda@test.com','$2b$10$IUZ86xj2c1K1UKBRSaVvYe2iWS3UNWAwcTOieRfrvggsKzAKUMz5S','student',NULL,'2026-03-08 08:22:52','2026-03-17 03:23:06',0.00),(10,'Student Tom','tom@test.com','$2b$10$RKaxavhIpZjJJK3up6o4YOMmo5m20P1uUokL86rWNL5977VN9daOi','student',NULL,'2026-03-08 08:22:52','2026-03-17 03:23:06',0.00),(11,'Huy Tr·ªãnh','huytrinhsp19@gmail.com','$2b$10$lvllbFxv6CMboe3SB45G7.nqUglvRaqnAFFTgGHHEJ93hCfLn01Kq','student',NULL,'2026-03-12 10:24:26','2026-04-18 06:01:33',1250000.00),(12,'aaa','huytrinh19604@gmail.com','$2b$10$SNh8Rd901eOyeZl4KMTA5ugyOSoAhIUXeUPZVYHxVnekz3gpPhSje','student',NULL,'2026-03-12 10:36:19','2026-04-17 16:40:32',250000.00),(13,'abc','huytrinhsp191@gmail.com','$2b$10$4VDazGU1EbBx3TN/oVQw9ec9VWodod8C5UV7hYGKuSlWf46sxtwy6','student',NULL,'2026-03-13 12:56:11','2026-03-17 03:23:06',0.00);
/*!40000 ALTER TABLE `users` ENABLE KEYS */;
UNLOCK TABLES;
/*!40103 SET TIME_ZONE=@OLD_TIME_ZONE */;

/*!40101 SET SQL_MODE=@OLD_SQL_MODE */;
/*!40014 SET FOREIGN_KEY_CHECKS=@OLD_FOREIGN_KEY_CHECKS */;
/*!40014 SET UNIQUE_CHECKS=@OLD_UNIQUE_CHECKS */;
/*!40101 SET CHARACTER_SET_CLIENT=@OLD_CHARACTER_SET_CLIENT */;
/*!40101 SET CHARACTER_SET_RESULTS=@OLD_CHARACTER_SET_RESULTS */;
/*!40101 SET COLLATION_CONNECTION=@OLD_COLLATION_CONNECTION */;
/*!40111 SET SQL_NOTES=@OLD_SQL_NOTES */;

-- Dump completed on 2026-04-25 22:36:56
